coon ass,28
camel jockey,23
guala,21
trailer trash,16
nigglet,16
wetback,15
sand nigger,14
nicca,14
nig nog,12
anchor baby,11
moon cricket,11
Uncle Tom,11
niglet,11
nig nogs,11
raghead,10
honkie,10
house nigger,9
race traitor,9
nigger,9
niggar,9
trailer park trash,8
cracker,7
cowboy killer,7
wigger,7
nigga,7
curry munchers,7
peckerwood,7
cotton picker,6
jiggaboo,6
jigaboo,6
wigga,6
niglets,6
border jumpers,6
camel jockeys,6
hoodrat,6
shit heel,5
towel heads,5
gypo,5
wogs,5
spear chucker,4
porch monkey,4
honkey,4
beaner,4
niggah,4
niggur,4
wiggas,4
jiggaboos,4
white trash,4
nigglets,4
jungle bunny,3
spic,3
dune coon,3
whigger,3
groid,3
coon,3
darkie,3
quadroon,3
Christ killer,3
octaroon,3
Zionazi,3
nigguh,3
peckerwoods,3
niggas,3
WASPy,3
sheboon,3
moon crickets,3
border jumper,2
Jap,2
tar baby,2
piker,2
niggress,2
gyppo,2
redskin,2
bogan,2
kneegrow,2
palefaces,2
plastic paddy,2
pikey,2
blaxican,2
cowboy killers,2
injuns,2
dinks,2
whitey,2
yokel,2
porch monkeys,2
pikers,2
slant eyes,2
hoodrats,2
yokels,2
niggers,2
niccas,2
nigguhs,2
Uncle Toms,2
coloreds,2
niggurs,2
spics,2
eurotrash,1
squaw,1
pickaninny,1
slant eye,1
towel head,1
shanty Irish,1
camel humper,1
boonie,1
border hopper,1
hymie,1
camel fucker,1
Cushite,1
gook,1
khazar,1
mud shark,1
coolie,1
kyke,1
alligator bait,1
nigers,1
sideways vaginas,1
Congoid,1
red bone,1
mud duck,1
spice nigger,1
spice niggers,1
sand niggers,1
niglette,1
whigga,1
kikes,1
ragheads,1
kneegroes,1
whiggers,1
wetbacks,1
sand monkeys,1
neechee,1
knacker,1
yellow bone,1
niggerette,1
camel humpers,1
bix nood,1
paddy,1
gooky,1
cotton pickers,1
Kushite,1
smoke jumpers,1
niggahs,1
dindu,1
nigs,1
yids,1
zipperheads,1
yellow bones,1
niggars,1
coloureds,1
mokes,1
tar babies,1
niggors,1
jackeen,1
dink,1
wagon burners,1
